{"cameraMode":{"drawMode":0,"name":"Shaded","section":"Shading Mode"},"sceneLighting":false,"audioPlay":false,"sceneViewState":{"showFog":true,"showMaterialUpdate":false,"showSkybox":false,"showFlares":true,"showImageEffects":true,"showParticleSystems":true},"in2DMode":false,"pivot":{"x":0.009999990463256836,"y":0.5800000429153442,"z":-0.75},"rotation":{"x":0.045261744409799579,"y":0.2534143030643463,"z":-0.0118712754920125,"w":0.9662268161773682},"size":3.5660250186920168,"orthographic":false}